alexandria, ghcr.io/ocicl/alexandria@sha256:e433c2e076ed3bcf8641b97b00192680db2201d305efac9293539dee88c7fbf7, alexandria-20240503-8514d8e/alexandria.asd
anaphora, ghcr.io/ocicl/anaphora@sha256:55f1c61b7826c5451a60b4b4522e35e770504bbfa2036d8becbf21f6d654925a, anaphora-20240503-bcf0f74/anaphora.asd
autoload, ghcr.io/ocicl/mgl-pax-bootstrap@sha256:2f4da326e75413741907b8818f67dd3a7f8b783e2a8983a6f52f1e3373306be8, mgl-pax-20260112-2c726a5/autoload/autoload.asd
babel, ghcr.io/ocicl/babel@sha256:9d9fcde71acc2b5c39572de4f11756a08c1d8801caa86c581b85dabaa35928b3, babel-20250905-4eaf3f2/babel.asd
babel-streams, ghcr.io/ocicl/babel@sha256:9d9fcde71acc2b5c39572de4f11756a08c1d8801caa86c581b85dabaa35928b3, babel-20250905-4eaf3f2/babel-streams.asd
babel-tests, ghcr.io/ocicl/babel@sha256:9d9fcde71acc2b5c39572de4f11756a08c1d8801caa86c581b85dabaa35928b3, babel-20250905-4eaf3f2/babel-tests.asd
bordeaux-threads, ghcr.io/ocicl/bordeaux-threads@sha256:bbb32afe3987e102149cc019f4f7366a05f7a37d1503f5f86a27745e671c320a, bordeaux-threads-0.9.4/bordeaux-threads.asd
cffi, ghcr.io/ocicl/cffi@sha256:d415b2cde8431fb3e7d5fc358fccb4aaa0a028dd8819e14608b4d245d0bff9e4, cffi-20250822-dad3520/cffi.asd
cffi-examples, ghcr.io/ocicl/cffi@sha256:d415b2cde8431fb3e7d5fc358fccb4aaa0a028dd8819e14608b4d245d0bff9e4, cffi-20250822-dad3520/cffi-examples.asd
cffi-grovel, ghcr.io/ocicl/cffi@sha256:d415b2cde8431fb3e7d5fc358fccb4aaa0a028dd8819e14608b4d245d0bff9e4, cffi-20250822-dad3520/cffi-grovel.asd
cffi-libffi, ghcr.io/ocicl/cffi@sha256:d415b2cde8431fb3e7d5fc358fccb4aaa0a028dd8819e14608b4d245d0bff9e4, cffi-20250822-dad3520/cffi-libffi.asd
cffi-tests, ghcr.io/ocicl/cffi@sha256:d415b2cde8431fb3e7d5fc358fccb4aaa0a028dd8819e14608b4d245d0bff9e4, cffi-20250822-dad3520/cffi-tests.asd
cffi-toolchain, ghcr.io/ocicl/cffi@sha256:d415b2cde8431fb3e7d5fc358fccb4aaa0a028dd8819e14608b4d245d0bff9e4, cffi-20250822-dad3520/cffi-toolchain.asd
cffi-uffi-compat, ghcr.io/ocicl/cffi@sha256:d415b2cde8431fb3e7d5fc358fccb4aaa0a028dd8819e14608b4d245d0bff9e4, cffi-20250822-dad3520/cffi-uffi-compat.asd
chipz, ghcr.io/ocicl/chipz@sha256:fae0fae0c93199ba57c92d9102245a55c8a2c12af4442e0b141d5670bef4f2f0, chipz-20240503-6f80368/chipz.asd
chunga, ghcr.io/ocicl/chunga@sha256:a2558d54ac5d4ccdbf49d7b51fcb074762d77e263ec67245f6d2928477b6d19a, chunga-20250814-1310e96/chunga.asd
cl-base64, ghcr.io/ocicl/cl-base64@sha256:702412dbc1ed825e275fb23e22c29527eb786bf644e47c7621bf0dbb34e17c7e, cl-base64-20240503-80496b7/cl-base64.asd
cl-base64-tests, ghcr.io/ocicl/cl-base64@sha256:702412dbc1ed825e275fb23e22c29527eb786bf644e47c7621bf0dbb34e17c7e, cl-base64-20240503-80496b7/cl-base64-tests.asd
cl-change-case, ghcr.io/ocicl/cl-change-case@sha256:02f10d50a75ad090cb355adbbd2347bf455bd37dbef5746ed181775304d61f02, cl-change-case-1.0/cl-change-case.asd
cl-csv, ghcr.io/ocicl/cl-csv@sha256:01600afb8570e45cfd2e1486138c844b13d940a1070140ff9341f6ec98b8e9c6, cl-csv-20240127-2d64d41/cl-csv.asd
cl-csv-clsql, ghcr.io/ocicl/cl-csv@sha256:01600afb8570e45cfd2e1486138c844b13d940a1070140ff9341f6ec98b8e9c6, cl-csv-20240127-2d64d41/cl-csv-clsql.asd
cl-csv-data-table, ghcr.io/ocicl/cl-csv@sha256:01600afb8570e45cfd2e1486138c844b13d940a1070140ff9341f6ec98b8e9c6, cl-csv-20240127-2d64d41/cl-csv-data-table.asd
cl-dbi, ghcr.io/ocicl/dbi@sha256:200c09f88ec8e7ff3ce1942a82624af83fc81e6ead3512a1a9daa02e876df23f, cl-dbi-20250928-be4df4f/cl-dbi.asd
cl-fad, ghcr.io/ocicl/cl-fad@sha256:c0aaffc859e419e0a94cedb08f48c2484da404363fb0fe4ffd6e09a80aadafe1, cl-fad-0.7.6/cl-fad.asd
cl-interpol, ghcr.io/ocicl/cl-interpol@sha256:bf02bce744361792150a04310b24a623596b99190a9f85a1c2ebf35f12b2288c, cl-interpol-2.0.7/cl-interpol.asd
cl-json, ghcr.io/ocicl/cl-json@sha256:54c4d00901c2c5b0ea9da11eed8f0104fc5819e1ed9a29d1f3364503a720a868, cl-json-20240907-994dd38/cl-json.asd
cl-package-locks, ghcr.io/ocicl/cl-package-locks@sha256:3cc3430aa866786164cd64110795ba329d72cd98f6606a72a83b04c1dc295a0d, cl-package-locks-20240503-96a358e/cl-package-locks.asd
cl-postgres_plus_local-time, ghcr.io/ocicl/local-time@sha256:15dc0e56d0ff55bd2a3c597e67be1c26bd0677c230a15ad5098c5207a9df5554, local-time-20250808-c28f38e/cl-postgres+local-time.asd
cl-ppcre, ghcr.io/ocicl/cl-ppcre@sha256:bf073924cf4fd5957a4fd961a95d446ed0e53fa32a5002cbd2d52182874f45e5, cl-ppcre-20250606-a2ea581/cl-ppcre.asd
cl-ppcre-unicode, ghcr.io/ocicl/cl-ppcre@sha256:bf073924cf4fd5957a4fd961a95d446ed0e53fa32a5002cbd2d52182874f45e5, cl-ppcre-20250606-a2ea581/cl-ppcre-unicode.asd
cl-test-more, ghcr.io/ocicl/prove-asdf@sha256:1254adabee4fe816dce4c1098df29a072b71cb554f0718ca5e03048729ef2bac, prove-20240503-5d71f02/cl-test-more.asd
cl-unicode, ghcr.io/ocicl/cl-unicode@sha256:d98f12c1271fb3c1812a27d64dfbe95b0bc5bcfd545b71b8101874e61270b120, cl-unicode-20240503-07e7ff5/cl-unicode.asd
cl_plus_ssl, ghcr.io/ocicl/cl_plus_ssl@sha256:d50fbbba38827e835eec2415744e0fb05a2a0bf4d44940cdc23922f15036efe5, cl-plus-ssl-20251220-499b2f5/cl+ssl.asd
cl_plus_ssl.test, ghcr.io/ocicl/cl_plus_ssl@sha256:d50fbbba38827e835eec2415744e0fb05a2a0bf4d44940cdc23922f15036efe5, cl-plus-ssl-20251220-499b2f5/cl+ssl.test.asd
clerk, ghcr.io/ocicl/clerk@sha256:8c4708046ebd515fe1157ee83ac194065d6b143587130a9080d44647bdd51561, clerk-20240503-945e21c/clerk.asd
closer-mop, ghcr.io/ocicl/closer-mop@sha256:0e7b398e671d48a0a1cfb5c1a017d0c2b009311c943ee3330d74fa0561c88fb2, closer-mop-20251228-4809f69/closer-mop.asd
cmd, ghcr.io/ocicl/cmd@sha256:b89aa057ffd0007bc3cfd025669ed830dec5a8d65a45b4e11dc9b44cd8779ee7, cmd-20250725-ddb621e/cmd.asd
com.inuoe.jzon, ghcr.io/ocicl/com.inuoe.jzon@sha256:b0cfbc3d8fb3c09526d92575b40b13a68ad93be7edeb48fd69dcea053c5611a5, jzon-20251113-f05afbb/com.inuoe.jzon.asd
com.inuoe.jzon-tests, ghcr.io/ocicl/com.inuoe.jzon@sha256:b0cfbc3d8fb3c09526d92575b40b13a68ad93be7edeb48fd69dcea053c5611a5, jzon-20251113-f05afbb/com.inuoe.jzon-tests.asd
dbd-mysql, ghcr.io/ocicl/dbi@sha256:200c09f88ec8e7ff3ce1942a82624af83fc81e6ead3512a1a9daa02e876df23f, cl-dbi-20250928-be4df4f/dbd-mysql.asd
dbd-null, ghcr.io/ocicl/dbi@sha256:200c09f88ec8e7ff3ce1942a82624af83fc81e6ead3512a1a9daa02e876df23f, cl-dbi-20250928-be4df4f/dbd-null.asd
dbd-postgres, ghcr.io/ocicl/dbi@sha256:200c09f88ec8e7ff3ce1942a82624af83fc81e6ead3512a1a9daa02e876df23f, cl-dbi-20250928-be4df4f/dbd-postgres.asd
dbd-sqlite3, ghcr.io/ocicl/dbi@sha256:200c09f88ec8e7ff3ce1942a82624af83fc81e6ead3512a1a9daa02e876df23f, cl-dbi-20250928-be4df4f/dbd-sqlite3.asd
dbi, ghcr.io/ocicl/dbi@sha256:200c09f88ec8e7ff3ce1942a82624af83fc81e6ead3512a1a9daa02e876df23f, cl-dbi-20250928-be4df4f/dbi.asd
dbi-test, ghcr.io/ocicl/dbi@sha256:200c09f88ec8e7ff3ce1942a82624af83fc81e6ead3512a1a9daa02e876df23f, cl-dbi-20250928-be4df4f/dbi-test.asd
dissect, ghcr.io/ocicl/dissect@sha256:167cc73b3049d658ef65ebc8bdd76f9ef1c232c4260a6a331216d534f7fae8e1, dissect-20250813-43b42a3/dissect.asd
do-urlencode, ghcr.io/ocicl/do-urlencode@sha256:cd05b651b0de5030afaf400856b3a1fb3846c8baa2779e7aea60d1951c8cb9aa, do-urlencode-20240503-1998464/do-urlencode.asd
documentation-utils, ghcr.io/ocicl/documentation-utils@sha256:b2a1b3f3bcd1a738af85ae2b0168d408c177661eab6d6bbebb254e394d983f54, documentation-utils-20230511-98630dd/documentation-utils.asd
drakma, ghcr.io/ocicl/drakma@sha256:fdfae1db35254b40a3796188f065646abe6abc55a58921438ecba47e63164bfd, drakma-2.0.10/drakma.asd
drakma-test, ghcr.io/ocicl/drakma@sha256:fdfae1db35254b40a3796188f065646abe6abc55a58921438ecba47e63164bfd, drakma-2.0.10/drakma-test.asd
dref, ghcr.io/ocicl/mgl-pax-bootstrap@sha256:2f4da326e75413741907b8818f67dd3a7f8b783e2a8983a6f52f1e3373306be8, mgl-pax-20260112-2c726a5/dref/dref.asd
dref-test, ghcr.io/ocicl/mgl-pax-bootstrap@sha256:2f4da326e75413741907b8818f67dd3a7f8b783e2a8983a6f52f1e3373306be8, mgl-pax-20260112-2c726a5/dref/dref-test.asd
dref-test-package-inferred, ghcr.io/ocicl/mgl-pax-bootstrap@sha256:2f4da326e75413741907b8818f67dd3a7f8b783e2a8983a6f52f1e3373306be8, mgl-pax-20260112-2c726a5/dref/test/data/dref-test-package-inferred.asd
esrap, ghcr.io/ocicl/esrap@sha256:d1748dc272d987937d759d2376dc18027efb1ed84c4b3561a367be3b4233183a, esrap-20251010-54debc5/esrap.asd
file-attributes, ghcr.io/ocicl/file-attributes@sha256:87a9bb2a9f1a1773b4109e15ed127ef62973415af255fb19f37db33a74e6309b, file-attributes-20250813-4d8c26a/file-attributes.asd
file-finder, ghcr.io/ocicl/file-finder@sha256:1a4ce6c912aa0b28cabd4715223361e123fbdd1a27633b3a3b7a20738f2daaff, file-finder-20250909-d5f8fa3/file-finder.asd
filesystem-utils, ghcr.io/ocicl/filesystem-utils@sha256:64a561c9c99703f17fde929ba2e4c47d7fab2ce485d6785a5a13262893731b78, filesystem-utils-20250813-571fba3/filesystem-utils.asd
filesystem-utils-test, ghcr.io/ocicl/filesystem-utils@sha256:64a561c9c99703f17fde929ba2e4c47d7fab2ce485d6785a5a13262893731b78, filesystem-utils-20250813-571fba3/filesystem-utils-test.asd
flexi-streams, ghcr.io/ocicl/flexi-streams@sha256:95005b06a8a95c82780c75ead53810bcb273d07fcf5fe76b527f1856df9923f2, flexi-streams-20240503-4951d57/flexi-streams.asd
flexi-streams-test, ghcr.io/ocicl/flexi-streams@sha256:95005b06a8a95c82780c75ead53810bcb273d07fcf5fe76b527f1856df9923f2, flexi-streams-20240503-4951d57/flexi-streams-test.asd
float-features, ghcr.io/ocicl/float-features@sha256:64922efd92a08670cf8292ea56dfff29c577d36d8a7f7576cea0c031805c52d2, float-features-20250813-cd5dab0/float-features.asd
float-features-tests, ghcr.io/ocicl/float-features@sha256:64922efd92a08670cf8292ea56dfff29c577d36d8a7f7576cea0c031805c52d2, float-features-20250813-cd5dab0/float-features-tests.asd
fset, ghcr.io/ocicl/fset@sha256:06ed3b2b8e490fa5ddf01b23af08a5d0d5febf6633b982eab0f721f4cc3c8c15, fset-20251122-19eadf0/fset.asd
fuzzy-match, ghcr.io/ocicl/fuzzy-match@sha256:57b9183075a43ea671f4e9b1d02d3f11dbe0fd131da93cefbac620b83ed62948, fuzzy-match-20250812-38694eb/fuzzy-match.asd
global-vars, ghcr.io/ocicl/global-vars@sha256:d197e871c9c9abc4bf31b1186f5fd28f0ca848ebe2e9dddf2d82ecee01dbdc65, global-vars-20240503-c749f32/global-vars.asd
global-vars-test, ghcr.io/ocicl/global-vars@sha256:d197e871c9c9abc4bf31b1186f5fd28f0ca848ebe2e9dddf2d82ecee01dbdc65, global-vars-20240503-c749f32/global-vars-test.asd
html-entities, ghcr.io/ocicl/html-entities@sha256:ff0fa9eba8cd84d70432db1557b6671c2d2ba8be21c50d20160645181ef6b16f, html-entities-20240503-4af0180/html-entities.asd
idna, ghcr.io/ocicl/idna@sha256:b1737dbce42904f75c724350c3e057770c7777f1f5596c6358875dfb2e542eac, idna-20240503-bf789e6/idna.asd
ieee-floats, ghcr.io/ocicl/ieee-floats@sha256:dcc1ef35f12ab6c611839a64338dc55a1c8e9b211274ffa8cbfd95d15b55c766, ieee-floats-20240503-9566ce8/ieee-floats.asd
introspect-environment, ghcr.io/ocicl/introspect-environment@sha256:4fa482690dee130996f1d0f89b470e0e84c92f22caea7649d3b83ce3e49c78ba, introspect-environment-20240503-69a50ac/introspect-environment.asd
introspect-environment-test, ghcr.io/ocicl/introspect-environment@sha256:4fa482690dee130996f1d0f89b470e0e84c92f22caea7649d3b83ce3e49c78ba, introspect-environment-20240503-69a50ac/introspect-environment-test.asd
iolib, ghcr.io/ocicl/iolib@sha256:953f1cb142e647da50562d51eca562afc2c5b941b89ae622332b53c7dbed7e1b, iolib-20240503-396cc43/iolib.asd
iolib.asdf, ghcr.io/ocicl/iolib@sha256:953f1cb142e647da50562d51eca562afc2c5b941b89ae622332b53c7dbed7e1b, iolib-20240503-396cc43/iolib.asdf.asd
iolib.base, ghcr.io/ocicl/iolib@sha256:953f1cb142e647da50562d51eca562afc2c5b941b89ae622332b53c7dbed7e1b, iolib-20240503-396cc43/iolib.base.asd
iolib.common-lisp, ghcr.io/ocicl/iolib@sha256:953f1cb142e647da50562d51eca562afc2c5b941b89ae622332b53c7dbed7e1b, iolib-20240503-396cc43/iolib.common-lisp.asd
iolib.conf, ghcr.io/ocicl/iolib@sha256:953f1cb142e647da50562d51eca562afc2c5b941b89ae622332b53c7dbed7e1b, iolib-20240503-396cc43/iolib.conf.asd
iolib.examples, ghcr.io/ocicl/iolib@sha256:953f1cb142e647da50562d51eca562afc2c5b941b89ae622332b53c7dbed7e1b, iolib-20240503-396cc43/iolib.examples.asd
ironclad, ghcr.io/ocicl/ironclad@sha256:3117e5a26a3e94924074c3548c235a2b733609ed61a2731880ac9e31df55428b, ironclad-20240503-6da010f/ironclad.asd
ironclad-text, ghcr.io/ocicl/ironclad@sha256:3117e5a26a3e94924074c3548c235a2b733609ed61a2731880ac9e31df55428b, ironclad-20240503-6da010f/ironclad-text.asd
iterate, ghcr.io/ocicl/iterate@sha256:6950c55e3782d58cabbbb5753111a70d8cafab8348b7fd6f2143d9abeaab46fb, iterate-20250703-d27d7ff/iterate.asd
lack-middleware-mito, ghcr.io/ocicl/mito@sha256:8e6ad13f6c8d249003cc3a63d772c60912e8fdfa161788e7791c2e973f32c0b5, mito-20260113-53b8f29/lack-middleware-mito.asd
lisp-namespace, ghcr.io/ocicl/lisp-namespace@sha256:ae08006e0b267958c50160658c729c799c6e1c18d94eef83f2ce5cf6ab8bbd20, lisp-namespace-20240503-699fccb/lisp-namespace.asd
lisp-namespace.test, ghcr.io/ocicl/lisp-namespace@sha256:ae08006e0b267958c50160658c729c799c6e1c18d94eef83f2ce5cf6ab8bbd20, lisp-namespace-20240503-699fccb/lisp-namespace.test.asd
lisp-unit2, ghcr.io/ocicl/lisp-unit2@sha256:3c903aa6d305c78ea15fd5967a3637ff5517e7e3f6789135a1b7f57f226f81d8, lisp-unit2-20240503-b5aa17b/lisp-unit2.asd
listopia, ghcr.io/ocicl/listopia@sha256:59a5d7c493316c31cd7dbe30ec9c4b2b8e67135ffc4bfe23dd605ecb41b6dcfe, listopia-20240503-2d2a1a3/listopia.asd
listopia-bench, ghcr.io/ocicl/listopia@sha256:59a5d7c493316c31cd7dbe30ec9c4b2b8e67135ffc4bfe23dd605ecb41b6dcfe, listopia-20240503-2d2a1a3/listopia-bench.asd
local-time, ghcr.io/ocicl/local-time@sha256:15dc0e56d0ff55bd2a3c597e67be1c26bd0677c230a15ad5098c5207a9df5554, local-time-20250808-c28f38e/local-time.asd
log4cl, ghcr.io/ocicl/log4cl@sha256:bd33f6e5ad346892e852492e7101bc18d263f9ef2ba6192178568d1b20337112, log4cl-20240503-fe3da51/log4cl.asd
log4cl-examples, ghcr.io/ocicl/log4cl@sha256:bd33f6e5ad346892e852492e7101bc18d263f9ef2ba6192178568d1b20337112, log4cl-20240503-fe3da51/log4cl-examples.asd
log4cl.log4slime, ghcr.io/ocicl/log4cl@sha256:bd33f6e5ad346892e852492e7101bc18d263f9ef2ba6192178568d1b20337112, log4cl-20240503-fe3da51/log4cl.log4slime.asd
log4cl.log4sly, ghcr.io/ocicl/log4cl@sha256:bd33f6e5ad346892e852492e7101bc18d263f9ef2ba6192178568d1b20337112, log4cl-20240503-fe3da51/log4cl.log4sly.asd
mgl-pax, ghcr.io/ocicl/mgl-pax-bootstrap@sha256:2f4da326e75413741907b8818f67dd3a7f8b783e2a8983a6f52f1e3373306be8, mgl-pax-20260112-2c726a5/mgl-pax.asd
mgl-pax-bootstrap, ghcr.io/ocicl/mgl-pax-bootstrap@sha256:2f4da326e75413741907b8818f67dd3a7f8b783e2a8983a6f52f1e3373306be8, mgl-pax-20260112-2c726a5/mgl-pax-bootstrap.asd
mgl-pax-test, ghcr.io/ocicl/mgl-pax-bootstrap@sha256:2f4da326e75413741907b8818f67dd3a7f8b783e2a8983a6f52f1e3373306be8, mgl-pax-20260112-2c726a5/mgl-pax-test.asd
mgl-pax.asdf, ghcr.io/ocicl/mgl-pax-bootstrap@sha256:2f4da326e75413741907b8818f67dd3a7f8b783e2a8983a6f52f1e3373306be8, mgl-pax-20260112-2c726a5/mgl-pax.asdf.asd
misc-extensions, ghcr.io/ocicl/misc-extensions@sha256:bffd02c8ba19a28ecc3b9a89a3e2639d51a6f856850b7c2cdfecb779738f53af, misc-extensions-20251202-9d0fd15/misc-extensions.asd
mito, ghcr.io/ocicl/mito@sha256:8e6ad13f6c8d249003cc3a63d772c60912e8fdfa161788e7791c2e973f32c0b5, mito-20260113-53b8f29/mito.asd
mito-core, ghcr.io/ocicl/mito@sha256:8e6ad13f6c8d249003cc3a63d772c60912e8fdfa161788e7791c2e973f32c0b5, mito-20260113-53b8f29/mito-core.asd
mito-migration, ghcr.io/ocicl/mito@sha256:8e6ad13f6c8d249003cc3a63d772c60912e8fdfa161788e7791c2e973f32c0b5, mito-20260113-53b8f29/mito-migration.asd
mito-test, ghcr.io/ocicl/mito@sha256:8e6ad13f6c8d249003cc3a63d772c60912e8fdfa161788e7791c2e973f32c0b5, mito-20260113-53b8f29/mito-test.asd
mk-string-metrics, ghcr.io/ocicl/mk-string-metrics@sha256:c9fe03312d51bdda336819d14049bbbbce6028d7b44638e802efa92025cfe878, mk-string-metrics-20240503-99bb2b4/mk-string-metrics.asd
mk-string-metrics-tests, ghcr.io/ocicl/mk-string-metrics@sha256:c9fe03312d51bdda336819d14049bbbbce6028d7b44638e802efa92025cfe878, mk-string-metrics-20240503-99bb2b4/mk-string-metrics-tests.asd
mt19937, ghcr.io/ocicl/mt19937@sha256:49c0a25a535cd22212343c67e17635b8e05675ad9cc20aa75ce75e35e842bbe3, MT19937-20240503-78f0419/mt19937.asd
multilang-documentation-utils, ghcr.io/ocicl/documentation-utils@sha256:b2a1b3f3bcd1a738af85ae2b0168d408c177661eab6d6bbebb254e394d983f54, documentation-utils-20230511-98630dd/multilang-documentation-utils.asd
named-readtables, ghcr.io/ocicl/named-readtables@sha256:cdfd96fd6f3c20f796f511fd2a92d3006261fe32daf6d7d1af868be9c72f273c, named-readtables-20260112-aa6dab5/named-readtables.asd
named-readtables-test, ghcr.io/ocicl/named-readtables@sha256:cdfd96fd6f3c20f796f511fd2a92d3006261fe32daf6d7d1af868be9c72f273c, named-readtables-20260112-aa6dab5/named-readtables-test.asd
numpy-file-format, ghcr.io/ocicl/numpy-file-format@sha256:28db0ed147e030d91ef9a7a7d20c8c6d4f2a3c458db447f63e12a853be5f5bf3, numpy-file-format-20240503-e440c7b/code/numpy-file-format.asd
parse-declarations-1.0, ghcr.io/ocicl/parse-declarations-1.0@sha256:9305fa9624205b16fd1fc51cb1cc4282a18e50eee9ac75b66a14f6f2c5df9518, parse-declarations-20240503-549aebb/parse-declarations-1.0.asd
parse-number, ghcr.io/ocicl/parse-number@sha256:11f3f9f512871e1f96cea6b8260aa3610e34e8fd7272bbcdb210fd3c5dd8025c, parse-number-20240503-cb9e487/parse-number.asd
pathname-utils, ghcr.io/ocicl/pathname-utils@sha256:082998dd41f934bbacdbc7695cd61d64ea115cd115f6de33d94b8393b4f44cc2, pathname-utils-20250813-d0d4525/pathname-utils.asd
pathname-utils-test, ghcr.io/ocicl/pathname-utils@sha256:082998dd41f934bbacdbc7695cd61d64ea115cd115f6de33d94b8393b4f44cc2, pathname-utils-20250813-d0d4525/pathname-utils-test.asd
prove, ghcr.io/ocicl/prove-asdf@sha256:1254adabee4fe816dce4c1098df29a072b71cb554f0718ca5e03048729ef2bac, prove-20240503-5d71f02/prove.asd
prove-asdf, ghcr.io/ocicl/prove-asdf@sha256:1254adabee4fe816dce4c1098df29a072b71cb554f0718ca5e03048729ef2bac, prove-20240503-5d71f02/prove-asdf.asd
prove-test, ghcr.io/ocicl/prove-asdf@sha256:1254adabee4fe816dce4c1098df29a072b71cb554f0718ca5e03048729ef2bac, prove-20240503-5d71f02/prove-test.asd
puri, ghcr.io/ocicl/puri@sha256:f6aa091a4d8eb5bdc91466daddc90dadd5b0fcf247370df237a223dc0588f29d, puri-4bbab9/puri.asd
py4cl2, ghcr.io/ocicl/py4cl2@sha256:fcffcf45e4db26dd068e21e8e6dbba3fd69652d4d33e3583eecbe7f7718be3bd, py4cl2-2.9.3/py4cl2.asd
quicksearch, ghcr.io/ocicl/quicksearch@sha256:9d87a79a182f2f968c94b1d37cd2348ea993cfbbd96fbab93f77c875e02bfe0e, quicksearch-20240503-fb02ecf/quicksearch.asd
serapeum, ghcr.io/ocicl/serapeum@sha256:b0d8c3875e11c24c1184a5d4b1654a5b44f27e3e7dc24e71852f536adcc4a121, serapeum-20260109-5e3c566/serapeum.asd
shlex, ghcr.io/ocicl/shlex@sha256:7c59ccf21555e3ac63b4ab6c9a22c5cb0050bfd522b87e106ac3a26590c59c8e, cl-shlex-20240503-3dee1cb/shlex.asd
split-sequence, ghcr.io/ocicl/split-sequence@sha256:3a37662eedd99c42995587b9d443c4631f25c4c523091bcca31a27b880585b8e, split-sequence-2.0.1/split-sequence.asd
str, ghcr.io/ocicl/str@sha256:685078f7554071268bca9e933392904940d6751077718a4aafaf3d0424003f26, cl-str-20250905-69ef8b4/str.asd
str.test, ghcr.io/ocicl/str@sha256:685078f7554071268bca9e933392904940d6751077718a4aafaf3d0424003f26, cl-str-20250905-69ef8b4/str.test.asd
string-case, ghcr.io/ocicl/string-case@sha256:9db2d4160b76ce1ed9f754d12f679c665593a9a436177d36380a1a8a176ec16a, string-case-20240503-718c761/string-case.asd
swap-bytes, ghcr.io/ocicl/swap-bytes@sha256:06edc17deb0f27cdf6290689711ece670a8282dfd07b732a9adc541af1ce7ed6, swap-bytes-20240503-43ab141/swap-bytes.asd
sxql, ghcr.io/ocicl/sxql@sha256:5a22a6da60c0c37351c1ba912e3a1384b58adc2702eed06173c9af9028174573, sxql-20251122-04e9845/sxql.asd
sxql-test, ghcr.io/ocicl/sxql@sha256:5a22a6da60c0c37351c1ba912e3a1384b58adc2702eed06173c9af9028174573, sxql-20251122-04e9845/sxql-test.asd
symbol-munger, ghcr.io/ocicl/symbol-munger@sha256:1395ba1a080d708ec01f1ff69e75d0936ca370b9ce953b878b8a32d05a68ef84, symbol-munger-20240503-e96558e/symbol-munger.asd
trivia, ghcr.io/ocicl/trivia@sha256:51db74757bc31ceaf3a643914a8ffa87825799097dea4912650e6ac62bed5209, trivia-20240904-4383dd8/trivia.asd
trivia.balland2006, ghcr.io/ocicl/trivia@sha256:51db74757bc31ceaf3a643914a8ffa87825799097dea4912650e6ac62bed5209, trivia-20240904-4383dd8/trivia.balland2006.asd
trivia.benchmark, ghcr.io/ocicl/trivia@sha256:51db74757bc31ceaf3a643914a8ffa87825799097dea4912650e6ac62bed5209, trivia-20240904-4383dd8/trivia.benchmark.asd
trivia.cffi, ghcr.io/ocicl/trivia@sha256:51db74757bc31ceaf3a643914a8ffa87825799097dea4912650e6ac62bed5209, trivia-20240904-4383dd8/trivia.cffi.asd
trivia.fset, ghcr.io/ocicl/trivia@sha256:51db74757bc31ceaf3a643914a8ffa87825799097dea4912650e6ac62bed5209, trivia-20240904-4383dd8/trivia.fset.asd
trivia.level0, ghcr.io/ocicl/trivia@sha256:51db74757bc31ceaf3a643914a8ffa87825799097dea4912650e6ac62bed5209, trivia-20240904-4383dd8/trivia.level0.asd
trivia.level1, ghcr.io/ocicl/trivia@sha256:51db74757bc31ceaf3a643914a8ffa87825799097dea4912650e6ac62bed5209, trivia-20240904-4383dd8/trivia.level1.asd
trivia.level2, ghcr.io/ocicl/trivia@sha256:51db74757bc31ceaf3a643914a8ffa87825799097dea4912650e6ac62bed5209, trivia-20240904-4383dd8/trivia.level2.asd
trivia.ppcre, ghcr.io/ocicl/trivia@sha256:51db74757bc31ceaf3a643914a8ffa87825799097dea4912650e6ac62bed5209, trivia-20240904-4383dd8/trivia.ppcre.asd
trivia.quasiquote, ghcr.io/ocicl/trivia@sha256:51db74757bc31ceaf3a643914a8ffa87825799097dea4912650e6ac62bed5209, trivia-20240904-4383dd8/trivia.quasiquote.asd
trivia.test, ghcr.io/ocicl/trivia@sha256:51db74757bc31ceaf3a643914a8ffa87825799097dea4912650e6ac62bed5209, trivia-20240904-4383dd8/trivia.test.asd
trivia.trivial, ghcr.io/ocicl/trivia@sha256:51db74757bc31ceaf3a643914a8ffa87825799097dea4912650e6ac62bed5209, trivia-20240904-4383dd8/trivia.trivial.asd
trivial-cltl2, ghcr.io/ocicl/trivial-cltl2@sha256:69470b4f6469314799074b9d944050dc4bcb67d5cbb2ba32c7a8899bb492f04e, trivial-cltl2-20230809-2ada872/trivial-cltl2.asd
trivial-features, ghcr.io/ocicl/trivial-features@sha256:e278e24d39060fc7d3715531b16ddd9ab7f93f22ade53e436c0b86dbae3aa065, trivial-features-1.0/trivial-features.asd
trivial-features-tests, ghcr.io/ocicl/trivial-features@sha256:e278e24d39060fc7d3715531b16ddd9ab7f93f22ade53e436c0b86dbae3aa065, trivial-features-1.0/trivial-features-tests.asd
trivial-file-size, ghcr.io/ocicl/trivial-file-size@sha256:dfe138877e024d36e51fa14b1bcabf11e99e5745baa42ef4f627438485030f5c, trivial-file-size-20250427-60fd1bf/trivial-file-size.asd
trivial-garbage, ghcr.io/ocicl/trivial-garbage@sha256:a85dcf4110ad60ae9f6c70970acceb2bf12402ce5326891643d35506059afb1d, trivial-garbage-20240503-3474f64/trivial-garbage.asd
trivial-gray-streams, ghcr.io/ocicl/trivial-gray-streams@sha256:d0cc9fb73876100ee60647524f98b5b22566fa1c3a985d79548b0d2b228f8b51, trivial-gray-streams-20240503-a7ead68/trivial-gray-streams.asd
trivial-gray-streams-test, ghcr.io/ocicl/trivial-gray-streams@sha256:d0cc9fb73876100ee60647524f98b5b22566fa1c3a985d79548b0d2b228f8b51, trivial-gray-streams-20240503-a7ead68/trivial-gray-streams-test.asd
trivial-indent, ghcr.io/ocicl/trivial-indent@sha256:2969bd1dc3cefd22fd1b0c5aeec664d4217a2593fe03bb043d8b6958aabc8b2a, trivial-indent-20250813-87b35ff/trivial-indent.asd
trivial-macroexpand-all, ghcr.io/ocicl/trivial-macroexpand-all@sha256:b23da4c2e508efe2396ec8f721cb22b8a4c076b2f0aea014a09f69dfd716d7f8, trivial-macroexpand-all-20250518-b6e4efa/trivial-macroexpand-all.asd
trivial-utf-8, ghcr.io/ocicl/trivial-utf-8@sha256:014e7fa0edd7f351c8b38c3247e0cdda438235bb8a086bb0f2bac08f78ef400d, trivial-utf-8-20240503-ba9b4ff/trivial-utf-8.asd
trivial-with-current-source-form, ghcr.io/ocicl/trivial-with-current-source-form@sha256:955baad39fb52d9d02af21ea36442c9675419c2486392279f669ada9788f3e3b, trivial-with-current-source-form-20240503-dc3fff9/trivial-with-current-source-form.asd
type-i, ghcr.io/ocicl/type-i@sha256:de5c3e7f7b72409c5ec49885eea8c6fe2e02def2846cf97f70c1c21f21a1567c, type-i-20240503-4407a68/type-i.asd
type-i.test, ghcr.io/ocicl/type-i@sha256:de5c3e7f7b72409c5ec49885eea8c6fe2e02def2846cf97f70c1c21f21a1567c, type-i-20240503-4407a68/type-i.test.asd
uffi, ghcr.io/ocicl/cffi@sha256:d415b2cde8431fb3e7d5fc358fccb4aaa0a028dd8819e14608b4d245d0bff9e4, cffi-20250822-dad3520/uffi-compat/uffi.asd
usocket, ghcr.io/ocicl/usocket@sha256:282856b819b22a4319ba30a15605ee934aa23292a471fd29ea4d3f2074b3f16d, usocket-0.8.8/usocket.asd
usocket-server, ghcr.io/ocicl/usocket@sha256:282856b819b22a4319ba30a15605ee934aa23292a471fd29ea4d3f2074b3f16d, usocket-0.8.8/usocket-server.asd
usocket-test, ghcr.io/ocicl/usocket@sha256:282856b819b22a4319ba30a15605ee934aa23292a471fd29ea4d3f2074b3f16d, usocket-0.8.8/usocket-test.asd
uuid, ghcr.io/ocicl/uuid@sha256:a32feac67562b09ece6a4d6debc6fefa40009231cd061042bc8939d3fab3c89e, uuid-20240503-f0052f3/uuid.asd
yason, ghcr.io/ocicl/yason@sha256:d4857f9cbdd68a5d1332c7f8a4a2374b1ae0dc567d4b8f90795ff38fd490876b, yason-20250323-0c84b29/yason.asd
yason-tests, ghcr.io/ocicl/yason@sha256:d4857f9cbdd68a5d1332c7f8a4a2374b1ae0dc567d4b8f90795ff38fd490876b, yason-20250323-0c84b29/yason-tests.asd
